file_name,date_added
batch_results_20251006112022,2025-10-20 10:35:27
batch_results_20251027105926,2025-10-27 11:42:29
batch_results_20251102162055,2025-11-02 16:43:32
batch_results_20251102162754,2025-11-02 18:13:27
batch_results_20251102162754_1,2025-11-02 18:18:10
batch_results_20251102192451,2025-11-02 19:52:39
batch_results_20251104192420,2025-11-07 16:55:26
batch_results_20251110120041,2025-11-17 11:52:13
batch_results_20251121160129,2025-11-21 16:36:06
batch_results_20251208101452,2025-12-08 11:35:39
batch_results_20251208124051,2025-12-08 13:19:57
batch_results_20251208191310,2025-12-09 14:43:17
batch_results_20251217001004,2025-12-17 17:18:49
batch_results_20251218153359,2026-01-07 16:40:39
batch_results_20260110154141,2026-01-13 15:15:49
batch_results_20260114105529,2026-01-16 11:40:03
batch_results_20260123184803,2026-01-26 13:16:31
batch_results_20260123185203,2026-01-26 13:17:17
batch_results_20260123185816,2026-01-26 13:17:56
batch_results_20260130133904,2026-02-02 11:31:18
batch_results_20260211181904,2026-02-18 12:39:41
batch_results_20260213182532,2026-02-18 12:58:22
batch_results_20260220105054,2026-02-20 17:05:51
batch_results_20260304113810,2026-03-06 15:08:44
batch_results_20260315141339,2026-03-16 19:25:30
batch_results_20260327142504,2026-03-30 12:31:31
batch_results_20260416144652,2026-04-21 10:43:36
batch_results_20260417113624,2026-04-21 11:42:12
batch_results_20260421161054,2026-04-22 12:33:19
batch_results_20260424143751,2026-05-07 16:10:00
batch_results_20260427134111,2026-05-07 16:10:28
batch_results_20260518185853,2026-05-28 10:53:45
batch_results_20260720201726,2026-07-22 18:13:32
batch_results_20260720201716,2026-07-22 18:13:32
batch_results_20260720202352,2026-07-22 18:13:33
batch_results_20260720205107,2026-07-22 18:13:42
batch_results_20260720201916,2026-07-22 18:13:43
batch_results_20260720202355,2026-07-22 18:13:45
batch_results_20260720202354,2026-07-22 18:13:46
batch_results_20260720201839,2026-07-22 18:13:48
batch_results_20260720204953,2026-07-22 18:13:51
batch_results_20260720205059,2026-07-22 18:13:52
batch_results_20260720201721,2026-07-22 18:13:53
batch_results_20260720204955,2026-07-22 18:14:01
batch_results_20260720202511,2026-07-22 18:14:05
batch_results_20260720202619,2026-07-22 18:14:06
batch_results_20260720202618,2026-07-22 18:14:06
batch_results_20260720202655,2026-07-22 18:14:07
batch_results_20260720202730,2026-07-22 18:14:08
batch_results_20260720202729,2026-07-22 18:14:08
batch_results_20260720202731,2026-07-22 18:14:09
batch_results_20260720202738,2026-07-22 18:14:09
batch_results_20260720202728,2026-07-22 18:14:11
batch_results_20260720202843,2026-07-22 18:14:12
batch_results_20260720202840,2026-07-22 18:14:12
batch_results_20260720202905,2026-07-22 18:14:13
batch_results_20260720201845,2026-07-22 18:14:13
batch_results_20260720202910,2026-07-22 18:14:14
batch_results_20260720202912,2026-07-22 18:14:14
batch_results_20260720202909,2026-07-22 18:14:16
batch_results_20260720202904,2026-07-22 18:14:16
batch_results_20260720203110,2026-07-22 18:14:17
batch_results_20260720221722,2026-07-22 18:14:18
batch_results_20260720203111,2026-07-22 18:14:19
batch_results_20260720203142,2026-07-22 18:14:21
batch_results_20260720203145,2026-07-22 18:14:23
batch_results_20260720203136,2026-07-22 18:14:27
batch_results_20260720203147,2026-07-22 18:14:27
batch_results_20260720203146,2026-07-22 18:14:29
batch_results_20260720203210,2026-07-22 18:14:30
batch_results_20260720203209,2026-07-22 18:14:31
batch_results_20260720203243,2026-07-22 18:14:32
batch_results_20260720203344,2026-07-22 18:14:32
batch_results_20260720203414,2026-07-22 18:14:35
batch_results_20260720203452,2026-07-22 18:14:36
batch_results_20260720203410,2026-07-22 18:14:40
batch_results_20260720203707,2026-07-22 18:14:43
batch_results_20260720203739,2026-07-22 18:14:44
batch_results_20260720203846,2026-07-22 18:14:44
batch_results_20260720203950,2026-07-22 18:14:45
batch_results_20260720204023,2026-07-22 18:14:46
batch_results_20260720204127,2026-07-22 18:14:46
batch_results_20260720204114,2026-07-22 18:14:47
batch_results_20260720204113,2026-07-22 18:14:48
batch_results_20260720204115,2026-07-22 18:14:51
batch_results_20260720213618,2026-07-22 18:14:53
batch_results_20260720204307,2026-07-22 18:14:53
batch_results_20260720213630,2026-07-22 18:14:54
batch_results_20260720204647,2026-07-22 18:14:55
batch_results_20260720204642,2026-07-22 18:14:56
batch_results_20260720204701,2026-07-22 18:14:56
batch_results_20260720204641,2026-07-22 18:14:57
batch_results_20260720204654,2026-07-22 18:14:57
batch_results_20260720204643,2026-07-22 18:14:58
batch_results_20260720204649,2026-07-22 18:15:05
batch_results_20260720204653,2026-07-22 18:15:08
batch_results_20260720201744,2026-07-22 18:15:11
batch_results_20260720204722,2026-07-22 18:15:16
batch_results_20260720204658,2026-07-22 18:15:17
batch_results_20260720213622,2026-07-22 18:15:18
batch_results_20260720201818,2026-07-22 18:15:19
batch_results_20260720204703,2026-07-22 18:15:20
batch_results_20260720204659,2026-07-22 18:15:21
batch_results_20260720204706,2026-07-22 18:15:24
batch_results_20260720204826,2026-07-22 18:15:24
batch_results_20260720205003,2026-07-22 18:15:25
batch_results_20260720204942,2026-07-22 18:15:26
batch_results_20260720201717,2026-07-22 18:15:28
batch_results_20260720201819,2026-07-22 18:15:28
batch_results_20260720201919,2026-07-22 18:15:47
batch_results_20260720201950,2026-07-22 18:15:49
batch_results_20260720201949,2026-07-22 18:15:50
batch_results_20260720201946,2026-07-22 18:15:50
batch_results_20260720221724,2026-07-22 18:15:52
batch_results_20260720201955,2026-07-22 18:15:55
batch_results_20260720201944,2026-07-22 18:16:04
batch_results_20260720202055,2026-07-22 18:16:06
batch_results_20260720202127,2026-07-22 18:16:07
batch_results_20260720202204,2026-07-22 18:16:08
batch_results_20260720202230,2026-07-22 18:16:08
batch_results_20260720201838,2026-07-22 18:16:10
batch_results_20260720202259,2026-07-22 18:16:11
batch_results_20260720202333,2026-07-22 18:16:12
batch_results_20260720202400,2026-07-22 18:16:13
batch_results_20260720202357,2026-07-22 18:16:14
batch_results_20260720204939,2026-07-22 18:16:21
batch_results_20260720204936,2026-07-22 18:16:23
batch_results_20260720201846,2026-07-22 18:16:27
batch_results_20260720202356,2026-07-22 18:16:36
batch_results_20260720210927,2026-07-22 18:16:39
batch_results_20260720211123,2026-07-22 18:16:44
batch_results_20260721204735,2026-07-22 18:16:46
batch_results_20260721204731,2026-07-22 18:16:47
batch_results_20260721204729,2026-07-22 18:16:48
batch_results_20260721204841,2026-07-22 18:16:49
batch_results_20260721231019,2026-07-22 18:16:50
batch_results_20260721204830,2026-07-22 18:16:51
batch_results_20260721211906,2026-07-22 18:16:54
batch_results_20260721204843,2026-07-22 18:16:54
batch_results_20260721204837,2026-07-22 18:16:55
batch_results_20260721230739,2026-07-22 18:16:56
batch_results_20260721204736,2026-07-22 18:16:57
batch_results_20260721204831,2026-07-22 18:16:59
batch_results_20260721204834,2026-07-22 18:17:00
batch_results_20260721204827,2026-07-22 18:17:00
batch_results_20260721211153,2026-07-22 18:17:02
batch_results_20260721204828,2026-07-22 18:17:06
batch_results_20260721225645,2026-07-22 18:17:36
batch_results_20260721230036,2026-07-22 18:17:39
batch_results_20260721204839,2026-07-22 18:17:53
batch_results_20260721204840,2026-07-22 18:17:57
batch_results_20260721211903,2026-07-22 18:17:57
batch_results_20260721211907,2026-07-22 18:17:58
batch_results_20260721212909,2026-07-22 18:17:59
batch_results_20260721204835,2026-07-22 18:18:01
batch_results_20260721233249,2026-07-22 18:18:01
batch_results_20260721233322,2026-07-22 18:18:02
batch_results_20260721211148,2026-07-22 18:18:04
batch_results_20260721220705,2026-07-22 18:18:05
batch_results_20260721211232,2026-07-22 18:18:07
batch_results_20260721205121,2026-07-22 18:18:09
batch_results_20260721205115,2026-07-22 18:18:10
batch_results_20260721215348,2026-07-22 18:18:12
batch_results_20260721211420,2026-07-22 18:18:16
batch_results_20260721205116,2026-07-22 18:18:16
batch_results_20260721222910,2026-07-22 18:18:17
batch_results_20260721230732,2026-07-22 18:18:17
batch_results_20260721220954,2026-07-22 18:18:18
batch_results_20260721221345,2026-07-22 18:18:19
batch_results_20260721222905,2026-07-22 18:18:20
batch_results_20260721231545,2026-07-22 18:18:20
batch_results_20260721204725,2026-07-22 18:18:21
batch_results_20260721230814,2026-07-22 18:18:24
batch_results_20260721205338,2026-07-22 18:18:24
batch_results_20260721205553,2026-07-22 18:18:25
batch_results_20260721205556,2026-07-22 18:18:27
batch_results_20260721205552,2026-07-22 18:18:28
batch_results_20260721205655,2026-07-22 18:18:29
batch_results_20260721205645,2026-07-22 18:18:30
batch_results_20260721234112,2026-07-22 18:18:32
batch_results_20260721205728,2026-07-22 18:18:32
batch_results_20260721205816,2026-07-22 18:18:33
batch_results_20260721205811,2026-07-22 18:18:34
batch_results_20260721205809,2026-07-22 18:18:34
batch_results_20260721205909,2026-07-22 18:18:36
batch_results_20260721205859,2026-07-22 18:18:37
batch_results_20260721210007,2026-07-22 18:18:37
batch_results_20260721205957,2026-07-22 18:18:38
batch_results_20260721210228,2026-07-22 18:18:38
batch_results_20260721210535,2026-07-22 18:18:39
batch_results_20260721210531,2026-07-22 18:18:40
batch_results_20260721210539,2026-07-22 18:18:40
batch_results_20260721210930,2026-07-22 18:18:41
batch_results_20260721204732,2026-07-22 18:18:42
batch_results_20260721210931,2026-07-22 18:18:44
batch_results_20260721211020,2026-07-22 18:18:46
batch_results_20260721211113,2026-07-22 18:18:46
batch_results_20260721223825,2026-07-22 18:18:48
batch_results_20260721204734,2026-07-22 18:18:51
batch_results_20260721204738,2026-07-22 18:18:53
batch_results_20260721204730,2026-07-22 18:18:54
batch_results_20260721204726,2026-07-22 18:18:54
batch_results_20260721204739,2026-07-22 18:18:59
batch_results_20260721204737,2026-07-22 18:19:09
batch_results_20260721204733,2026-07-22 18:19:27
batch_results_20260721204836,2026-07-22 18:19:29
batch_results_20260721204741,2026-07-22 18:19:32
batch_results_20260722004826,2026-07-22 18:19:37
batch_results_20260722004724,2026-07-22 18:19:38
batch_results_20260722004714,2026-07-22 18:19:38
batch_results_20260726094154,2026-07-30 13:19:46
batch_results_20260726094141,2026-07-30 13:19:47
batch_results_20260726094244,2026-07-30 13:19:48
batch_results_20260726094206,2026-07-30 13:19:49
batch_results_20260726094252,2026-07-30 13:19:50
batch_results_20260726094205,2026-07-30 13:19:50
batch_results_20260726094256,2026-07-30 13:19:51
batch_results_20260726094232,2026-07-30 13:19:52
batch_results_20260726094240,2026-07-30 13:19:53
batch_results_20260726094231,2026-07-30 13:19:54
batch_results_20260726094306,2026-07-30 13:19:55
batch_results_20260726094200,2026-07-30 13:19:55
batch_results_20260726094229,2026-07-30 13:19:56
batch_results_20260726102610,2026-07-30 13:19:57
batch_results_20260726102407,2026-07-30 13:19:57
batch_results_20260726094219,2026-07-30 13:19:58
batch_results_20260726094234,2026-07-30 13:19:58
batch_results_20260726094225,2026-07-30 13:20:00
batch_results_20260726094248,2026-07-30 13:20:01
batch_results_20260726094218,2026-07-30 13:20:01
batch_results_20260726094217,2026-07-30 13:20:05
batch_results_20260726094243,2026-07-30 13:20:08
batch_results_20260726094230,2026-07-30 13:20:08
batch_results_20260726094155,2026-07-30 13:20:11
batch_results_20260726094158,2026-07-30 13:20:13
batch_results_20260726102401,2026-07-30 13:20:13
batch_results_20260726102640,2026-07-30 13:20:14
batch_results_20260726094246,2026-07-30 13:20:14
batch_results_20260726102445,2026-07-30 13:20:17
batch_results_20260726102447,2026-07-30 13:20:17
batch_results_20260726102708,2026-07-30 13:20:19
batch_results_20260726094245,2026-07-30 13:20:21
batch_results_20260726103555,2026-07-30 13:20:22
batch_results_20260726104135,2026-07-30 13:20:24
batch_results_20260726102337,2026-07-30 13:20:24
batch_results_20260726102342,2026-07-30 13:20:25
batch_results_20260726102449,2026-07-30 13:20:26
batch_results_20260726102338,2026-07-30 13:20:26
batch_results_20260726102709,2026-07-30 13:20:27
batch_results_20260726104145,2026-07-30 13:20:29
batch_results_20260726094157,2026-07-30 13:20:30
batch_results_20260726094153,2026-07-30 13:20:31
batch_results_20260726094214,2026-07-30 13:20:32
batch_results_20260726094216,2026-07-30 13:20:34
batch_results_20260726105241,2026-07-30 13:20:34
batch_results_20260726094228,2026-07-30 13:20:36
batch_results_20260726105419,2026-07-30 13:20:36
batch_results_20260726105406,2026-07-30 13:20:37
batch_results_20260726094235,2026-07-30 13:20:37
batch_results_20260726105324,2026-07-30 13:20:39
batch_results_20260726105353,2026-07-30 13:20:42
batch_results_20260726094215,2026-07-30 13:20:43
batch_results_20260726105934,2026-07-30 13:20:45
batch_results_20260726094236,2026-07-30 13:20:46
batch_results_20260726094238,2026-07-30 13:20:49
batch_results_20260726102339,2026-07-30 13:20:52
batch_results_20260726094223,2026-07-30 13:20:53
batch_results_20260726094227,2026-07-30 13:20:54
batch_results_20260726094237,2026-07-30 13:20:55
batch_results_20260726094221,2026-07-30 13:20:56
batch_results_20260726094233,2026-07-30 13:20:57
batch_results_20260726094222,2026-07-30 13:20:59
batch_results_20260726094226,2026-07-30 13:21:07
batch_results_20260726094242,2026-07-30 13:21:10
batch_results_20260726094146,2026-07-30 13:21:11
batch_results_20260726102712,2026-07-30 13:21:27
batch_results_20260726102707,2026-07-30 13:21:32
batch_results_20260726102720,2026-07-30 13:21:33
batch_results_20260726110042,2026-07-30 13:21:34
batch_results_20260726094415,2026-07-30 13:21:43
batch_results_20260726094435,2026-07-30 13:21:44
batch_results_20260726094657,2026-07-30 13:21:46
batch_results_20260726094730,2026-07-30 13:21:48
batch_results_20260726094716,2026-07-30 13:21:48
batch_results_20260726094648,2026-07-30 13:21:49
batch_results_20260726094723,2026-07-30 13:21:50
batch_results_20260726094706,2026-07-30 13:21:51
batch_results_20260726094705,2026-07-30 13:21:52
batch_results_20260726094703,2026-07-30 13:21:53
batch_results_20260726094654,2026-07-30 13:21:54
batch_results_20260726094203,2026-07-30 13:21:54
batch_results_20260726094707,2026-07-30 13:21:56
batch_results_20260726094717,2026-07-30 13:21:57
batch_results_20260726110008,2026-07-30 13:21:58
batch_results_20260726094150,2026-07-30 13:22:02
batch_results_20260726094712,2026-07-30 13:22:02
batch_results_20260726105745,2026-07-30 13:22:10
batch_results_20260726105800,2026-07-30 13:22:11
batch_results_20260726094951,2026-07-30 13:22:12
batch_results_20260726105936,2026-07-30 13:22:15
batch_results_20260726105929,2026-07-30 13:22:16
batch_results_20260726095020,2026-07-30 13:22:16
batch_results_20260726095029,2026-07-30 13:22:20
batch_results_20260726095006,2026-07-30 13:22:20
batch_results_20260726105319,2026-07-30 13:22:21
batch_results_20260726095054,2026-07-30 13:22:22
batch_results_20260726095441,2026-07-30 13:22:22
batch_results_20260726095429,2026-07-30 13:22:23
batch_results_20260726094250,2026-07-30 13:22:24
batch_results_20260726095739,2026-07-30 13:22:25
batch_results_20260726095812,2026-07-30 13:22:26
batch_results_20260726105913,2026-07-30 13:22:26
batch_results_20260726105935,2026-07-30 13:22:27
batch_results_20260726095957,2026-07-30 13:22:28
batch_results_20260726100134,2026-07-30 13:22:29
batch_results_20260726100139,2026-07-30 13:22:30
batch_results_20260726094247,2026-07-30 13:22:32
batch_results_20260726100135,2026-07-30 13:22:33
batch_results_20260726100144,2026-07-30 13:22:33
batch_results_20260726100142,2026-07-30 13:22:34
batch_results_20260726100136,2026-07-30 13:22:36
batch_results_20260726100133,2026-07-30 13:22:37
batch_results_20260726100140,2026-07-30 13:22:39
batch_results_20260726100138,2026-07-30 13:22:41
batch_results_20260726094151,2026-07-30 13:22:47
batch_results_20260726100154,2026-07-30 13:22:48
batch_results_20260726100141,2026-07-30 13:22:50
batch_results_20260726100227,2026-07-30 13:22:57
batch_results_20260726100158,2026-07-30 13:22:58
batch_results_20260726100206,2026-07-30 13:23:02
batch_results_20260726094143,2026-07-30 13:23:02
batch_results_20260726100205,2026-07-30 13:23:05
batch_results_20260726100200,2026-07-30 13:23:07
batch_results_20260726105921,2026-07-30 13:23:08
batch_results_20260726100217,2026-07-30 13:23:09
batch_results_20260726100202,2026-07-30 13:23:13
batch_results_20260726100201,2026-07-30 13:23:15
batch_results_20260726094255,2026-07-30 13:23:18
batch_results_20260726100207,2026-07-30 13:23:21
batch_results_20260726100157,2026-07-30 13:23:24
batch_results_20260726094251,2026-07-30 13:23:26
batch_results_20260726100143,2026-07-30 13:23:27
batch_results_20260726100159,2026-07-30 13:23:37
batch_results_20260726100153,2026-07-30 13:23:38
batch_results_20260726100149,2026-07-30 13:23:40
batch_results_20260726100151,2026-07-30 13:23:40
batch_results_20260726094202,2026-07-30 13:23:57
batch_results_20260726105907,2026-07-30 13:24:00
batch_results_20260726110027,2026-07-30 13:24:04
batch_results_20260726105927,2026-07-30 13:24:05
batch_results_20260726100150,2026-07-30 13:24:10
batch_results_20260726100152,2026-07-30 13:24:12
batch_results_20260726100212,2026-07-30 13:24:14
batch_results_20260726100213,2026-07-30 13:24:16
batch_results_20260726110034,2026-07-30 13:24:19
batch_results_20260726100226,2026-07-30 13:24:20
batch_results_20260726100228,2026-07-30 13:24:23
batch_results_20260726100231,2026-07-30 13:24:26
batch_results_20260726105910,2026-07-30 13:24:30
batch_results_20260726105915,2026-07-30 13:24:31
batch_results_20260726105908,2026-07-30 13:24:32
batch_results_20260726105917,2026-07-30 13:24:33
batch_results_20260726105925,2026-07-30 13:24:35
batch_results_20260726105923,2026-07-30 13:24:37
batch_results_20260726094249,2026-07-30 13:24:37
batch_results_20260726105912,2026-07-30 13:24:38
batch_results_20260726100237,2026-07-30 13:24:39
batch_results_20260726105928,2026-07-30 13:24:39
batch_results_20260726094201,2026-07-30 13:24:51
batch_results_20260726100234,2026-07-30 13:24:57
batch_results_20260726100232,2026-07-30 13:25:04
batch_results_20260726100229,2026-07-30 13:25:06
batch_results_20260726100225,2026-07-30 13:25:23
batch_results_20260726100251,2026-07-30 13:25:44
batch_results_20260726100248,2026-07-30 13:25:44
batch_results_20260726100250,2026-07-30 13:25:45
batch_results_20260726100258,2026-07-30 13:25:47
batch_results_20260726100252,2026-07-30 13:25:49
batch_results_20260726100256,2026-07-30 13:25:52
batch_results_20260726100255,2026-07-30 13:25:53
batch_results_20260726100259,2026-07-30 13:25:53
batch_results_20260726100302,2026-07-30 13:25:55
batch_results_20260726100257,2026-07-30 13:25:58
batch_results_20260726100244,2026-07-30 13:25:59
batch_results_20260726100300,2026-07-30 13:26:01
batch_results_20260726100245,2026-07-30 13:26:02
batch_results_20260726100246,2026-07-30 13:26:03
batch_results_20260726100303,2026-07-30 13:26:09
batch_results_20260726100305,2026-07-30 13:26:10
batch_results_20260726094140,2026-07-30 13:26:14
batch_results_20260726094241,2026-07-30 13:26:15
batch_results_20260726100243,2026-07-30 13:26:16
batch_results_20260726100306,2026-07-30 13:26:18
batch_results_20260726100307,2026-07-30 13:26:30
batch_results_20260726100309,2026-07-30 13:26:32
batch_results_20260726100249,2026-07-30 13:26:36
batch_results_20260726100316,2026-07-30 13:26:37
batch_results_20260726100548,2026-07-30 13:26:37
batch_results_20260726100549,2026-07-30 13:26:38
batch_results_20260726100550,2026-07-30 13:26:39
batch_results_20260726100626,2026-07-30 13:26:41
batch_results_20260726100814,2026-07-30 13:26:41
batch_results_20260726100810,2026-07-30 13:26:42
batch_results_20260726100927,2026-07-30 13:26:43
batch_results_20260726100931,2026-07-30 13:26:44
batch_results_20260726101414,2026-07-30 13:26:44
batch_results_20260726101406,2026-07-30 13:26:45
batch_results_20260726101411,2026-07-30 13:26:46
batch_results_20260726101437,2026-07-30 13:26:47
batch_results_20260726101436,2026-07-30 13:26:47
batch_results_20260726101511,2026-07-30 13:26:49
batch_results_20260726101635,2026-07-30 13:26:50
batch_results_20260726101716,2026-07-30 13:26:51
batch_results_20260726101742,2026-07-30 13:26:51
batch_results_20260726101918,2026-07-30 13:26:52
batch_results_20260726101921,2026-07-30 13:26:53
batch_results_20260726101910,2026-07-30 13:26:54
batch_results_20260726102022,2026-07-30 13:26:54
batch_results_20260726102057,2026-07-30 13:26:55
batch_results_20260726102207,2026-07-30 13:26:58
batch_results_20260726102125,2026-07-30 13:26:58
batch_results_20260726102133,2026-07-30 13:26:59
batch_results_20260726102124,2026-07-30 13:27:00
batch_results_20260726102151,2026-07-30 13:27:01
batch_results_20260726102141,2026-07-30 13:27:02
batch_results_20260726102140,2026-07-30 13:27:02
batch_results_20260726102233,2026-07-30 13:27:03
batch_results_20260726102202,2026-07-30 13:27:04
batch_results_20260726102203,2026-07-30 13:27:05
batch_results_20260726094224,2026-07-30 13:27:13
batch_results_20260726094139,2026-07-30 13:27:14
batch_results_20260726094142,2026-07-30 13:27:15
batch_results_20260726094159,2026-07-30 13:27:17
batch_results_20260726094152,2026-07-30 13:27:18
batch_results_20260726094149,2026-07-30 13:27:22
batch_results_20260726094253,2026-07-30 13:27:32
