file_name,date_added
batch_results_20251006112022,2025-10-20 10:35:27
batch_results_20251027105926,2025-10-27 11:42:29
batch_results_20251102162055,2025-11-02 16:43:32
batch_results_20251102162754,2025-11-02 18:13:27
batch_results_20251102162754_1,2025-11-02 18:18:10
batch_results_20251102192451,2025-11-02 19:52:39
batch_results_20251104192420,2025-11-07 16:55:26
batch_results_20251110120041,2025-11-17 11:52:13
batch_results_20251121160129,2025-11-21 16:36:06
batch_results_20251208101452,2025-12-08 11:35:39
batch_results_20251208124051,2025-12-08 13:19:57
batch_results_20251208191310,2025-12-09 14:43:17
batch_results_20251217001004,2025-12-17 17:18:49
batch_results_20251218153359,2026-01-07 16:40:39
batch_results_20260110154141,2026-01-13 15:15:49
batch_results_20260114105529,2026-01-16 11:40:03
batch_results_20260123184803,2026-01-26 13:16:31
batch_results_20260123185203,2026-01-26 13:17:17
batch_results_20260123185816,2026-01-26 13:17:56
batch_results_20260130133904,2026-02-02 11:31:18
batch_results_20260211181904,2026-02-18 12:39:41
batch_results_20260213182532,2026-02-18 12:58:22
batch_results_20260220105054,2026-02-20 17:05:51
